<?xml version="1.0" encoding="UTF-8"?>
<project-private xmlns="http://www.netbeans.org/ns/project-private/1">
    <editor-bookmarks xmlns="http://www.netbeans.org/ns/editor-bookmarks/2" lastBookmarkId="0"/>
    <open-files xmlns="http://www.netbeans.org/ns/projectui-open-files/2">
        <group>
            <file>file:/Users/nicole/Desktop/ISD_Class_coding/RRR/src/rrr/RRRGraphObject.java</file>
            <file>file:/Users/nicole/Desktop/ISD_Class_coding/RRR/src/rrr/RRRHeader.java</file>
            <file>file:/Users/nicole/Desktop/ISD_Class_coding/RRR/src/rrr/RRREventListener.java</file>
            <file>file:/Users/nicole/Desktop/ISD_Class_coding/RRR/src/rrr/scenario/RRRSelectScenario.java</file>
            <file>file:/Users/nicole/Desktop/ISD_Class_coding/RRR/src/rrr/cmd/RRRCmdToAddSelectedPtCurvesToRevisePtCurves.java</file>
            <file>file:/Users/nicole/Desktop/ISD_Class_coding/RRR/src/rrr/RRRUnderline.java</file>
            <file>file:/Users/nicole/Desktop/ISD_Class_coding/RRR/src/rrr/RRRCanvas2D.java</file>
            <file>file:/Users/nicole/Desktop/ISD_Class_coding/RRR/src/rrr/cmd/RRRCmdToToggleRecordPtCurvesVisibility.java</file>
            <file>file:/Users/nicole/Desktop/ISD_Class_coding/RRR/src/rrr/scenario/RRRDrawScenario.java</file>
            <file>file:/Users/nicole/Desktop/ISD_Class_coding/RRR/src/rrr/scenario/RRRNavigateScenario.java</file>
            <file>file:/Users/nicole/Desktop/ISD_Class_coding/RRR/src/rrr/scenario/RRRRecordScenario.java</file>
            <file>file:/Users/nicole/Desktop/ISD_Class_coding/RRR/src/rrr/RRRScenarioMgr.java</file>
            <file>file:/Users/nicole/Desktop/ISD_Class_coding/RRR/src/rrr/scenario/RRRReviseScenario.java</file>
            <file>file:/Users/nicole/Desktop/ISD_Class_coding/RRR/src/rrr/scenario/RRREmptyScenario.java</file>
            <file>file:/Users/nicole/Desktop/ISD_Class_coding/RRR/src/rrr/scenario/RRRDefaultScenario.java</file>
            <file>file:/Users/nicole/Desktop/ISD_Class_coding/RRR/src/rrr/scenario/RRRReviewScenario.java</file>
            <file>file:/Users/nicole/Desktop/ISD_Class_coding/RRR/src/rrr/RRREdge.java</file>
            <file>file:/Users/nicole/Desktop/ISD_Class_coding/RRR/src/rrr/RRR.java</file>
            <file>file:/Users/nicole/Desktop/ISD_Class_coding/RRR/src/rrr/cmd/RRRCmdToUpdateSelectedRecordPtCurves.java</file>
            <file>file:/Users/nicole/Desktop/ISD_Class_coding/RRR/src/rrr/cmd/RRRCmdToDeleteRecentQuestionPtCurve.java</file>
            <file>file:/Users/nicole/Desktop/ISD_Class_coding/RRR/src/rrr/RRRPenMarkMgr.java</file>
            <file>file:/Users/nicole/Desktop/ISD_Class_coding/RRR/src/rrr/RRRNode.java</file>
            <file>file:/Users/nicole/Desktop/ISD_Class_coding/RRR/src/rrr/RRRPtCurveMgr.java</file>
        </group>
    </open-files>
</project-private>
